{
      "mode" : 1,
      "bw" : 500,
      "cr" : 5,
      "sf" : 12,
      "ch" : -1,
      "freq" : -1,
      "ignorecomment" : false,
      "loggw" : false,
      "wappkey" : false,
      "raw" : false,
      "aes" : false,
      "mongodb" : {
			"is_used" : false,
			"max_months_to_store" : 2
	  },
      "log_post_processing" : true,
      "cloud_0" : {
      		"cloud_type" : "thingspeak",
      		"cloud_name" : "temperature",
      		"retry" : true,
      		"enable" : true
      },
      "cloud_1" : {
      		"cloud_type" : "grovestreams",
      		"cloud_name" : "DHT22/leafwetness",
      		"enable" : false
      },
      "cloud_2" : {
      		"cloud_type" : "sensorcloud",
      		"cloud_name" : "temperature",
      		"enable" : false
      },
      "cloud_3" : {
      		"cloud_type" : "firebase",
      		"cloud_name" : "temperature",
      		"enable" : false
      }
}
