{
	"clouds" : [
		{	
			"notice":"do not remove the MongoDB cloud declaration, just change enabled and max_months_to_store if needed",
			"name":"Local gateway MongoDB",
			"script":"python CloudMongoDB.py",
			"type":"database",
			"max_months_to_store":2,
			"enabled":false
		},
		{	
			"name":"WAZIUP Orion cloud",
			"script":"python CloudWAZIUP.py",
			"type":"iotcloud",			
			"write_key":"",
			"enabled":false
		},			
		{	
			"name":"ThingSpeak cloud",
			"script":"python CloudThingSpeak.py",
			"type":"iotcloud",			
			"write_key":"",
			"enabled":true
		},
		{	
			"name":"GroveStreams cloud",
			"script":"python CloudGroveStreams.py",
			"type":"iotcloud",			
			"write_key":"",
			"enabled":false
		},
		{	
			"name":"Firebase cloud",
			"script":"python CloudFireBase.py",
			"type":"jsoncloud",			
			"write_key":"",
			"enabled":false
		},		
		{	
			"name":"example template",
			"script":"name of your script, preceded by the script launcher",
			"type":"whatever you want FYI",
			"server":"",
			"login":"",
			"password":"",
			"folder":"",			
			"write_key":"",
			"enabled":false
		}				
	],
	"encrypted_clouds" : [
		{
			"name":"Firebase cloud",
			"script":"python CloudFireBaseAES.py",
			"type":"iotcloud",			
			"write_key":"",
			"enabled":false			
		}
	],
	"lorawan_encrypted_clouds" : [
		{
			"name":"Firebase cloud",
			"script":"python CloudFireBaseLWAES.py",
			"type":"iotcloud",			
			"write_key":"",
			"enabled":false			
		}
	]	
}